{"cameraMode":{"drawMode":0,"name":"Shaded","section":"Shading Mode"},"sceneLighting":false,"audioPlay":false,"sceneViewState":{"m_AlwaysRefresh":false,"showFog":true,"showSkybox":false,"showFlares":true,"showImageEffects":true,"showParticleSystems":true,"showVisualEffectGraphs":true,"m_FxEnabled":false},"in2DMode":false,"pivot":{"x":-0.49299997091293337,"y":1.1635875701904297,"z":1.8231699466705323},"rotation":{"x":-0.2903357446193695,"y":0.42731210589408877,"z":-0.14708150923252107,"w":-0.843501091003418},"size":0.6265789270401001,"orthographic":false}